post_id,listing_id,Title,User,Content,Images,date,ratings,votes
18352,70,Florist review,1,"Nulla"" gravida commodo est, sed euismod augue dictum ac. Maecenas non libero ante. Suspendisse non tellus nisl, vitae sodales neque. Pellentesque ornare auctor sem et pellentesque.
Integer vitae lectus in ipsum auctor accumsan. Aenean sapien tortor, laoreet sed venenatis quis, fermentum vel justo.'rnrnPraesent condimentum, elit et lacinia posuere, purus neque pretium massa, in elementum purus lacus sed urna. Donec varius eros sed sapien pellentesque laoreet venenatis nisi consequat.",levi-ventura-Yp0cJoU4i0Y-unsplash.jpg;georgia-de-lotz-TwZ5dyk9_T0-unsplash.jpg,21.04.2019 13:49,5;7;8;9;5;5,1>1;127.0.0.1>1
,70,Good job,reviewer1>reviewer1@mail.com,"Nulla"" gravida commodo est, sed euismod augue dictum ac. Maecenas non libero ante. Suspendisse non tellus nisl, vitae sodales neque. Pellentesque ornare auctor sem et pellentesque. Integer vitae lectus in ipsum auctor accumsan. Aenean sapien tortor, laoreet sed venenatis quis, fermentum vel justo.'rnrnPraesent condimentum, elit et lacinia posuere, purus neque pretium massa, in elementum purus lacus sed urna. Donec varius eros sed sapien pellentesque laoreet venenatis nisi consequat. ",reka-biro-horvath-ir2BpIeLYC4-unsplash.jpg;levi-ventura-Yp0cJoU4i0Y-unsplash.jpg;reka-biro-horvath-xNbwsERYqpM-unsplash.jpg,05.07.2019,8;9;8;9;9;9,1>0;2>0;3>0;4>0;5>0;6>1;7>0
18442,70,Florist days,reviewer2>reviewer2@mail.com,"Nulla"" gravida commodo est, sed euismod augue dictum ac. Maecenas non libero ante. Suspendisse non tellus nisl, vitae sodales neque. Pellentesque ornare auctor sem et pellentesque.
Integer vitae lectus in ipsum auctor accumsan. Aenean sapien tortor, laoreet sed venenatis quis, fermentum vel justo.'rnrnPraesent condimentum, elit et lacinia posuere, purus neque pretium massa, in elementum purus lacus sed urna. Donec varius eros sed sapien pellentesque laoreet venenatis nisi consequat.",sport-1.jpg;hanson-lu-1116297-unsplash-3.jpg>hanson-lu-1116297-unsplash.jpg,10.05.2019 20:37,3;9;4;8;9;9,1>1;2>1;3>1;4>1;5>1;6>1
18446,531,My favourite,1,"Nulla"" gravida commodo est, sed euismod augue dictum ac. Maecenas non libero ante. Suspendisse non tellus nisl, vitae sodales neque. Pellentesque ornare auctor sem et pellentesque. Integer vitae lectus in ipsum auctor accumsan. Aenean sapien tortor, laoreet sed venenatis quis, fermentum vel justo.'rnrnPraesent condimentum, elit et lacinia posuere, purus neque pretium massa, in elementum purus lacus sed urna. Donec varius eros sed sapien pellentesque laoreet venenatis nisi consequat. ",fachy-marin-hBL9k68_97E-unsplash.jpg;georgia-de-lotz-TwZ5dyk9_T0-unsplash.jpg,12.05.2019 12:42,9;9;7;9;1;9,1>1;127.0.0.1>1
18624,531,Thanksgiving review,reviewer1>reviewer1@mail.com,"Nulla"" gravida commodo est, sed euismod augue dictum ac. Maecenas non libero ante. Suspendisse non tellus nisl, vitae sodales neque. Pellentesque ornare auctor sem et pellentesque. Integer vitae lectus in ipsum auctor accumsan. Aenean sapien tortor, laoreet sed venenatis quis, fermentum vel justo.'rnrnPraesent condimentum, elit et lacinia posuere, purus neque pretium massa, in elementum purus lacus sed urna. Donec varius eros sed sapien pellentesque laoreet venenatis nisi consequat. ",jonas-jacobsson-PjfJWII0ivk-unsplash.jpg;marek-szturc-dFgtAO0qBVk-unsplash.jpg,17.06.2019 13:45,8;9;8;9;9;9,1>0;2>0;3>0;4>0;5>0;6>1;7>0
18671,531,Directory Free,reviewer2>reviewer2@mail.com,"Nulla"" gravida commodo est, sed euismod augue dictum ac. Maecenas non libero ante. Suspendisse non tellus nisl, vitae sodales neque. Pellentesque ornare auctor sem et pellentesque. Integer vitae lectus in ipsum auctor accumsan. Aenean sapien tortor, laoreet sed venenatis quis, fermentum vel justo.'rnrnPraesent condimentum, elit et lacinia posuere, purus neque pretium massa, in elementum purus lacus sed urna. Donec varius eros sed sapien pellentesque laoreet venenatis nisi consequat. ",burrito-chicken-close-up-461198.jpg;close-up-dinner-fish-46239.jpg;diet-food-macro-111130.jpg,05.07.2019 13:45,6;6;8;6;7;9,1>0
18675,531,Simply the best,reviewer3>reviewer3@mail.com,"Nulla"" gravida commodo est, sed euismod augue dictum ac. Maecenas non libero ante. Suspendisse non tellus nisl, vitae sodales neque. Pellentesque ornare auctor sem et pellentesque. Integer vitae lectus in ipsum auctor accumsan. Aenean sapien tortor, laoreet sed venenatis quis, fermentum vel justo.'rnrnPraesent condimentum, elit et lacinia posuere, purus neque pretium massa, in elementum purus lacus sed urna. Donec varius eros sed sapien pellentesque laoreet venenatis nisi consequat. ",levi-ventura-uI-BaBMNDvg-unsplash.jpg;levi-ventura-Yp0cJoU4i0Y-unsplash.jpg;markus-spiske-aP1ys5spFCw-unsplash.jpg;markus-spiske-grIDcEAzNcM-unsplash.jpg,05.07.2019 14:10,8;9;8;8;9;9,
18352,53,Florist review,1,"Nulla"" gravida commodo est, sed euismod augue dictum ac. Maecenas non libero ante. Suspendisse non tellus nisl, vitae sodales neque. Pellentesque ornare auctor sem et pellentesque.
Integer vitae lectus in ipsum auctor accumsan. Aenean sapien tortor, laoreet sed venenatis quis, fermentum vel justo.'rnrnPraesent condimentum, elit et lacinia posuere, purus neque pretium massa, in elementum purus lacus sed urna. Donec varius eros sed sapien pellentesque laoreet venenatis nisi consequat.",levi-ventura-Yp0cJoU4i0Y-unsplash.jpg;georgia-de-lotz-TwZ5dyk9_T0-unsplash.jpg,21.04.2019 13:49,5;7;8;9;5;5,1>1;127.0.0.1>1
,53,Good job,reviewer1>reviewer1@mail.com,"Nulla"" gravida commodo est, sed euismod augue dictum ac. Maecenas non libero ante. Suspendisse non tellus nisl, vitae sodales neque. Pellentesque ornare auctor sem et pellentesque. Integer vitae lectus in ipsum auctor accumsan. Aenean sapien tortor, laoreet sed venenatis quis, fermentum vel justo.'rnrnPraesent condimentum, elit et lacinia posuere, purus neque pretium massa, in elementum purus lacus sed urna. Donec varius eros sed sapien pellentesque laoreet venenatis nisi consequat. ",reka-biro-horvath-ir2BpIeLYC4-unsplash.jpg;levi-ventura-Yp0cJoU4i0Y-unsplash.jpg;reka-biro-horvath-xNbwsERYqpM-unsplash.jpg,05.07.2019,8;9;8;9;9;9,1>0;2>0;3>0;4>0;5>0;6>1;7>0
18442,53,Florist days,reviewer2>reviewer2@mail.com,"Nulla"" gravida commodo est, sed euismod augue dictum ac. Maecenas non libero ante. Suspendisse non tellus nisl, vitae sodales neque. Pellentesque ornare auctor sem et pellentesque.
Integer vitae lectus in ipsum auctor accumsan. Aenean sapien tortor, laoreet sed venenatis quis, fermentum vel justo.'rnrnPraesent condimentum, elit et lacinia posuere, purus neque pretium massa, in elementum purus lacus sed urna. Donec varius eros sed sapien pellentesque laoreet venenatis nisi consequat.",sport-1.jpg;hanson-lu-1116297-unsplash-3.jpg>hanson-lu-1116297-unsplash.jpg,10.05.2019 20:37,3;9;4;8;9;9,1>1;2>1;3>1;4>1;5>1;6>1
18446,539,My favourite,1,"Nulla"" gravida commodo est, sed euismod augue dictum ac. Maecenas non libero ante. Suspendisse non tellus nisl, vitae sodales neque. Pellentesque ornare auctor sem et pellentesque. Integer vitae lectus in ipsum auctor accumsan. Aenean sapien tortor, laoreet sed venenatis quis, fermentum vel justo.'rnrnPraesent condimentum, elit et lacinia posuere, purus neque pretium massa, in elementum purus lacus sed urna. Donec varius eros sed sapien pellentesque laoreet venenatis nisi consequat. ",fachy-marin-hBL9k68_97E-unsplash.jpg;georgia-de-lotz-TwZ5dyk9_T0-unsplash.jpg,12.05.2019 12:42,9;9;7;9;1;9,1>1;127.0.0.1>1
18624,539,Thanksgiving review,reviewer1>reviewer1@mail.com,"Nulla"" gravida commodo est, sed euismod augue dictum ac. Maecenas non libero ante. Suspendisse non tellus nisl, vitae sodales neque. Pellentesque ornare auctor sem et pellentesque. Integer vitae lectus in ipsum auctor accumsan. Aenean sapien tortor, laoreet sed venenatis quis, fermentum vel justo.'rnrnPraesent condimentum, elit et lacinia posuere, purus neque pretium massa, in elementum purus lacus sed urna. Donec varius eros sed sapien pellentesque laoreet venenatis nisi consequat. ",jonas-jacobsson-PjfJWII0ivk-unsplash.jpg;marek-szturc-dFgtAO0qBVk-unsplash.jpg,17.06.2019 13:45,8;9;8;9;9;9,1>0;2>0;3>0;4>0;5>0;6>1;7>0
18671,539,Directory Free,reviewer2>reviewer2@mail.com,"Nulla"" gravida commodo est, sed euismod augue dictum ac. Maecenas non libero ante. Suspendisse non tellus nisl, vitae sodales neque. Pellentesque ornare auctor sem et pellentesque. Integer vitae lectus in ipsum auctor accumsan. Aenean sapien tortor, laoreet sed venenatis quis, fermentum vel justo.'rnrnPraesent condimentum, elit et lacinia posuere, purus neque pretium massa, in elementum purus lacus sed urna. Donec varius eros sed sapien pellentesque laoreet venenatis nisi consequat. ",burrito-chicken-close-up-461198.jpg;close-up-dinner-fish-46239.jpg;diet-food-macro-111130.jpg,05.07.2019 13:45,6;6;8;6;7;9,1>0
18675,539,Simply the best,reviewer3>reviewer3@mail.com,"Nulla"" gravida commodo est, sed euismod augue dictum ac. Maecenas non libero ante. Suspendisse non tellus nisl, vitae sodales neque. Pellentesque ornare auctor sem et pellentesque. Integer vitae lectus in ipsum auctor accumsan. Aenean sapien tortor, laoreet sed venenatis quis, fermentum vel justo.'rnrnPraesent condimentum, elit et lacinia posuere, purus neque pretium massa, in elementum purus lacus sed urna. Donec varius eros sed sapien pellentesque laoreet venenatis nisi consequat. ",levi-ventura-uI-BaBMNDvg-unsplash.jpg;levi-ventura-Yp0cJoU4i0Y-unsplash.jpg;markus-spiske-aP1ys5spFCw-unsplash.jpg;markus-spiske-grIDcEAzNcM-unsplash.jpg,05.07.2019 14:10,8;9;8;8;9;9,
18352,638,Florist review,1,"Nulla"" gravida commodo est, sed euismod augue dictum ac. Maecenas non libero ante. Suspendisse non tellus nisl, vitae sodales neque. Pellentesque ornare auctor sem et pellentesque.
Integer vitae lectus in ipsum auctor accumsan. Aenean sapien tortor, laoreet sed venenatis quis, fermentum vel justo.'rnrnPraesent condimentum, elit et lacinia posuere, purus neque pretium massa, in elementum purus lacus sed urna. Donec varius eros sed sapien pellentesque laoreet venenatis nisi consequat.",levi-ventura-Yp0cJoU4i0Y-unsplash.jpg;georgia-de-lotz-TwZ5dyk9_T0-unsplash.jpg,21.04.2019 13:49,5;7;8;9;5;5,1>1;127.0.0.1>1
,638,Good job,reviewer1>reviewer1@mail.com,"Nulla"" gravida commodo est, sed euismod augue dictum ac. Maecenas non libero ante. Suspendisse non tellus nisl, vitae sodales neque. Pellentesque ornare auctor sem et pellentesque. Integer vitae lectus in ipsum auctor accumsan. Aenean sapien tortor, laoreet sed venenatis quis, fermentum vel justo.'rnrnPraesent condimentum, elit et lacinia posuere, purus neque pretium massa, in elementum purus lacus sed urna. Donec varius eros sed sapien pellentesque laoreet venenatis nisi consequat. ",reka-biro-horvath-ir2BpIeLYC4-unsplash.jpg;levi-ventura-Yp0cJoU4i0Y-unsplash.jpg;reka-biro-horvath-xNbwsERYqpM-unsplash.jpg,05.07.2019,8;9;8;9;9;9,1>0;2>0;3>0;4>0;5>0;6>1;7>0
18442,638,Florist days,reviewer2>reviewer2@mail.com,"Nulla"" gravida commodo est, sed euismod augue dictum ac. Maecenas non libero ante. Suspendisse non tellus nisl, vitae sodales neque. Pellentesque ornare auctor sem et pellentesque.
Integer vitae lectus in ipsum auctor accumsan. Aenean sapien tortor, laoreet sed venenatis quis, fermentum vel justo.'rnrnPraesent condimentum, elit et lacinia posuere, purus neque pretium massa, in elementum purus lacus sed urna. Donec varius eros sed sapien pellentesque laoreet venenatis nisi consequat.",sport-1.jpg;hanson-lu-1116297-unsplash-3.jpg>hanson-lu-1116297-unsplash.jpg,10.05.2019 20:37,3;9;4;8;9;9,1>1;2>1;3>1;4>1;5>1;6>1
18446,622,My favourite,1,"Nulla"" gravida commodo est, sed euismod augue dictum ac. Maecenas non libero ante. Suspendisse non tellus nisl, vitae sodales neque. Pellentesque ornare auctor sem et pellentesque. Integer vitae lectus in ipsum auctor accumsan. Aenean sapien tortor, laoreet sed venenatis quis, fermentum vel justo.'rnrnPraesent condimentum, elit et lacinia posuere, purus neque pretium massa, in elementum purus lacus sed urna. Donec varius eros sed sapien pellentesque laoreet venenatis nisi consequat. ",fachy-marin-hBL9k68_97E-unsplash.jpg;georgia-de-lotz-TwZ5dyk9_T0-unsplash.jpg,12.05.2019 12:42,9;9;7;9;1;9,1>1;127.0.0.1>1
18624,622,Thanksgiving review,reviewer1>reviewer1@mail.com,"Nulla"" gravida commodo est, sed euismod augue dictum ac. Maecenas non libero ante. Suspendisse non tellus nisl, vitae sodales neque. Pellentesque ornare auctor sem et pellentesque. Integer vitae lectus in ipsum auctor accumsan. Aenean sapien tortor, laoreet sed venenatis quis, fermentum vel justo.'rnrnPraesent condimentum, elit et lacinia posuere, purus neque pretium massa, in elementum purus lacus sed urna. Donec varius eros sed sapien pellentesque laoreet venenatis nisi consequat. ",jonas-jacobsson-PjfJWII0ivk-unsplash.jpg;marek-szturc-dFgtAO0qBVk-unsplash.jpg,17.06.2019 13:45,8;9;8;9;9;9,1>0;2>0;3>0;4>0;5>0;6>1;7>0
18671,622,Directory Free,reviewer2>reviewer2@mail.com,"Nulla"" gravida commodo est, sed euismod augue dictum ac. Maecenas non libero ante. Suspendisse non tellus nisl, vitae sodales neque. Pellentesque ornare auctor sem et pellentesque. Integer vitae lectus in ipsum auctor accumsan. Aenean sapien tortor, laoreet sed venenatis quis, fermentum vel justo.'rnrnPraesent condimentum, elit et lacinia posuere, purus neque pretium massa, in elementum purus lacus sed urna. Donec varius eros sed sapien pellentesque laoreet venenatis nisi consequat. ",burrito-chicken-close-up-461198.jpg;close-up-dinner-fish-46239.jpg;diet-food-macro-111130.jpg,05.07.2019 13:45,6;6;8;6;7;9,1>0
18675,622,Simply the best,reviewer3>reviewer3@mail.com,"Nulla"" gravida commodo est, sed euismod augue dictum ac. Maecenas non libero ante. Suspendisse non tellus nisl, vitae sodales neque. Pellentesque ornare auctor sem et pellentesque. Integer vitae lectus in ipsum auctor accumsan. Aenean sapien tortor, laoreet sed venenatis quis, fermentum vel justo.'rnrnPraesent condimentum, elit et lacinia posuere, purus neque pretium massa, in elementum purus lacus sed urna. Donec varius eros sed sapien pellentesque laoreet venenatis nisi consequat. ",levi-ventura-uI-BaBMNDvg-unsplash.jpg;levi-ventura-Yp0cJoU4i0Y-unsplash.jpg;markus-spiske-aP1ys5spFCw-unsplash.jpg;markus-spiske-grIDcEAzNcM-unsplash.jpg,05.07.2019 14:10,8;9;8;8;9;9,
18352,585,Florist review,1,"Nulla"" gravida commodo est, sed euismod augue dictum ac. Maecenas non libero ante. Suspendisse non tellus nisl, vitae sodales neque. Pellentesque ornare auctor sem et pellentesque.
Integer vitae lectus in ipsum auctor accumsan. Aenean sapien tortor, laoreet sed venenatis quis, fermentum vel justo.'rnrnPraesent condimentum, elit et lacinia posuere, purus neque pretium massa, in elementum purus lacus sed urna. Donec varius eros sed sapien pellentesque laoreet venenatis nisi consequat.",levi-ventura-Yp0cJoU4i0Y-unsplash.jpg;georgia-de-lotz-TwZ5dyk9_T0-unsplash.jpg,21.04.2019 13:49,5;7;8;9;5;5,1>1;127.0.0.1>1
,585,Good job,reviewer1>reviewer1@mail.com,"Nulla"" gravida commodo est, sed euismod augue dictum ac. Maecenas non libero ante. Suspendisse non tellus nisl, vitae sodales neque. Pellentesque ornare auctor sem et pellentesque. Integer vitae lectus in ipsum auctor accumsan. Aenean sapien tortor, laoreet sed venenatis quis, fermentum vel justo.'rnrnPraesent condimentum, elit et lacinia posuere, purus neque pretium massa, in elementum purus lacus sed urna. Donec varius eros sed sapien pellentesque laoreet venenatis nisi consequat. ",reka-biro-horvath-ir2BpIeLYC4-unsplash.jpg;levi-ventura-Yp0cJoU4i0Y-unsplash.jpg;reka-biro-horvath-xNbwsERYqpM-unsplash.jpg,05.07.2019,8;9;8;9;9;9,1>0;2>0;3>0;4>0;5>0;6>1;7>0
18442,585,Florist days,reviewer2>reviewer2@mail.com,"Nulla"" gravida commodo est, sed euismod augue dictum ac. Maecenas non libero ante. Suspendisse non tellus nisl, vitae sodales neque. Pellentesque ornare auctor sem et pellentesque.
Integer vitae lectus in ipsum auctor accumsan. Aenean sapien tortor, laoreet sed venenatis quis, fermentum vel justo.'rnrnPraesent condimentum, elit et lacinia posuere, purus neque pretium massa, in elementum purus lacus sed urna. Donec varius eros sed sapien pellentesque laoreet venenatis nisi consequat.",sport-1.jpg;hanson-lu-1116297-unsplash-3.jpg>hanson-lu-1116297-unsplash.jpg,10.05.2019 20:37,3;9;4;8;9;9,1>1;2>1;3>1;4>1;5>1;6>1
18446,604,My favourite,1,"Nulla"" gravida commodo est, sed euismod augue dictum ac. Maecenas non libero ante. Suspendisse non tellus nisl, vitae sodales neque. Pellentesque ornare auctor sem et pellentesque. Integer vitae lectus in ipsum auctor accumsan. Aenean sapien tortor, laoreet sed venenatis quis, fermentum vel justo.'rnrnPraesent condimentum, elit et lacinia posuere, purus neque pretium massa, in elementum purus lacus sed urna. Donec varius eros sed sapien pellentesque laoreet venenatis nisi consequat. ",fachy-marin-hBL9k68_97E-unsplash.jpg;georgia-de-lotz-TwZ5dyk9_T0-unsplash.jpg,12.05.2019 12:42,9;9;7;9;1;9,1>1;127.0.0.1>1
18624,604,Thanksgiving review,reviewer1>reviewer1@mail.com,"Nulla"" gravida commodo est, sed euismod augue dictum ac. Maecenas non libero ante. Suspendisse non tellus nisl, vitae sodales neque. Pellentesque ornare auctor sem et pellentesque. Integer vitae lectus in ipsum auctor accumsan. Aenean sapien tortor, laoreet sed venenatis quis, fermentum vel justo.'rnrnPraesent condimentum, elit et lacinia posuere, purus neque pretium massa, in elementum purus lacus sed urna. Donec varius eros sed sapien pellentesque laoreet venenatis nisi consequat. ",jonas-jacobsson-PjfJWII0ivk-unsplash.jpg;marek-szturc-dFgtAO0qBVk-unsplash.jpg,17.06.2019 13:45,8;9;8;9;9;9,1>0;2>0;3>0;4>0;5>0;6>1;7>0
18671,604,Directory Free,reviewer2>reviewer2@mail.com,"Nulla"" gravida commodo est, sed euismod augue dictum ac. Maecenas non libero ante. Suspendisse non tellus nisl, vitae sodales neque. Pellentesque ornare auctor sem et pellentesque. Integer vitae lectus in ipsum auctor accumsan. Aenean sapien tortor, laoreet sed venenatis quis, fermentum vel justo.'rnrnPraesent condimentum, elit et lacinia posuere, purus neque pretium massa, in elementum purus lacus sed urna. Donec varius eros sed sapien pellentesque laoreet venenatis nisi consequat. ",burrito-chicken-close-up-461198.jpg;close-up-dinner-fish-46239.jpg;diet-food-macro-111130.jpg,05.07.2019 13:45,6;6;8;6;7;9,1>0
18675,604,Simply the best,reviewer3>reviewer3@mail.com,"Nulla"" gravida commodo est, sed euismod augue dictum ac. Maecenas non libero ante. Suspendisse non tellus nisl, vitae sodales neque. Pellentesque ornare auctor sem et pellentesque. Integer vitae lectus in ipsum auctor accumsan. Aenean sapien tortor, laoreet sed venenatis quis, fermentum vel justo.'rnrnPraesent condimentum, elit et lacinia posuere, purus neque pretium massa, in elementum purus lacus sed urna. Donec varius eros sed sapien pellentesque laoreet venenatis nisi consequat. ",levi-ventura-uI-BaBMNDvg-unsplash.jpg;levi-ventura-Yp0cJoU4i0Y-unsplash.jpg;markus-spiske-aP1ys5spFCw-unsplash.jpg;markus-spiske-grIDcEAzNcM-unsplash.jpg,05.07.2019 14:10,8;9;8;8;9;9,
18352,606,Florist review,1,"Nulla"" gravida commodo est, sed euismod augue dictum ac. Maecenas non libero ante. Suspendisse non tellus nisl, vitae sodales neque. Pellentesque ornare auctor sem et pellentesque.
Integer vitae lectus in ipsum auctor accumsan. Aenean sapien tortor, laoreet sed venenatis quis, fermentum vel justo.'rnrnPraesent condimentum, elit et lacinia posuere, purus neque pretium massa, in elementum purus lacus sed urna. Donec varius eros sed sapien pellentesque laoreet venenatis nisi consequat.",levi-ventura-Yp0cJoU4i0Y-unsplash.jpg;georgia-de-lotz-TwZ5dyk9_T0-unsplash.jpg,21.04.2019 13:49,5;7;8;9;5;5,1>1;127.0.0.1>1
,606,Good job,reviewer1>reviewer1@mail.com,"Nulla"" gravida commodo est, sed euismod augue dictum ac. Maecenas non libero ante. Suspendisse non tellus nisl, vitae sodales neque. Pellentesque ornare auctor sem et pellentesque. Integer vitae lectus in ipsum auctor accumsan. Aenean sapien tortor, laoreet sed venenatis quis, fermentum vel justo.'rnrnPraesent condimentum, elit et lacinia posuere, purus neque pretium massa, in elementum purus lacus sed urna. Donec varius eros sed sapien pellentesque laoreet venenatis nisi consequat. ",reka-biro-horvath-ir2BpIeLYC4-unsplash.jpg;levi-ventura-Yp0cJoU4i0Y-unsplash.jpg;reka-biro-horvath-xNbwsERYqpM-unsplash.jpg,05.07.2019,8;9;8;9;9;9,1>0;2>0;3>0;4>0;5>0;6>1;7>0
18442,606,Florist days,reviewer2>reviewer2@mail.com,"Nulla"" gravida commodo est, sed euismod augue dictum ac. Maecenas non libero ante. Suspendisse non tellus nisl, vitae sodales neque. Pellentesque ornare auctor sem et pellentesque.
Integer vitae lectus in ipsum auctor accumsan. Aenean sapien tortor, laoreet sed venenatis quis, fermentum vel justo.'rnrnPraesent condimentum, elit et lacinia posuere, purus neque pretium massa, in elementum purus lacus sed urna. Donec varius eros sed sapien pellentesque laoreet venenatis nisi consequat.",sport-1.jpg;hanson-lu-1116297-unsplash-3.jpg>hanson-lu-1116297-unsplash.jpg,10.05.2019 20:37,3;9;4;8;9;9,1>1;2>1;3>1;4>1;5>1;6>1
18446,627,My favourite,1,"Nulla"" gravida commodo est, sed euismod augue dictum ac. Maecenas non libero ante. Suspendisse non tellus nisl, vitae sodales neque. Pellentesque ornare auctor sem et pellentesque. Integer vitae lectus in ipsum auctor accumsan. Aenean sapien tortor, laoreet sed venenatis quis, fermentum vel justo.'rnrnPraesent condimentum, elit et lacinia posuere, purus neque pretium massa, in elementum purus lacus sed urna. Donec varius eros sed sapien pellentesque laoreet venenatis nisi consequat. ",fachy-marin-hBL9k68_97E-unsplash.jpg;georgia-de-lotz-TwZ5dyk9_T0-unsplash.jpg,12.05.2019 12:42,9;9;7;9;1;9,1>1;127.0.0.1>1
18624,627,Thanksgiving review,reviewer1>reviewer1@mail.com,"Nulla"" gravida commodo est, sed euismod augue dictum ac. Maecenas non libero ante. Suspendisse non tellus nisl, vitae sodales neque. Pellentesque ornare auctor sem et pellentesque. Integer vitae lectus in ipsum auctor accumsan. Aenean sapien tortor, laoreet sed venenatis quis, fermentum vel justo.'rnrnPraesent condimentum, elit et lacinia posuere, purus neque pretium massa, in elementum purus lacus sed urna. Donec varius eros sed sapien pellentesque laoreet venenatis nisi consequat. ",jonas-jacobsson-PjfJWII0ivk-unsplash.jpg;marek-szturc-dFgtAO0qBVk-unsplash.jpg,17.06.2019 13:45,8;9;8;9;9;9,1>0;2>0;3>0;4>0;5>0;6>1;7>0
18671,627,Directory Free,reviewer2>reviewer2@mail.com,"Nulla"" gravida commodo est, sed euismod augue dictum ac. Maecenas non libero ante. Suspendisse non tellus nisl, vitae sodales neque. Pellentesque ornare auctor sem et pellentesque. Integer vitae lectus in ipsum auctor accumsan. Aenean sapien tortor, laoreet sed venenatis quis, fermentum vel justo.'rnrnPraesent condimentum, elit et lacinia posuere, purus neque pretium massa, in elementum purus lacus sed urna. Donec varius eros sed sapien pellentesque laoreet venenatis nisi consequat. ",burrito-chicken-close-up-461198.jpg;close-up-dinner-fish-46239.jpg;diet-food-macro-111130.jpg,05.07.2019 13:45,6;6;8;6;7;9,1>0
18675,627,Simply the best,reviewer3>reviewer3@mail.com,"Nulla"" gravida commodo est, sed euismod augue dictum ac. Maecenas non libero ante. Suspendisse non tellus nisl, vitae sodales neque. Pellentesque ornare auctor sem et pellentesque. Integer vitae lectus in ipsum auctor accumsan. Aenean sapien tortor, laoreet sed venenatis quis, fermentum vel justo.'rnrnPraesent condimentum, elit et lacinia posuere, purus neque pretium massa, in elementum purus lacus sed urna. Donec varius eros sed sapien pellentesque laoreet venenatis nisi consequat. ",levi-ventura-uI-BaBMNDvg-unsplash.jpg;levi-ventura-Yp0cJoU4i0Y-unsplash.jpg;markus-spiske-aP1ys5spFCw-unsplash.jpg;markus-spiske-grIDcEAzNcM-unsplash.jpg,05.07.2019 14:10,8;9;8;8;9;9,